Bertha,7/15/2008
Cristobal,7/21/2008
Fay,8/19/2008
Hanna,9/6/2008
Ike,9/8/2008
Kyle,9/27/2008
Paloma,11/10/2008
One 2009,5/28/2009
Bill,8/22/2009
Danny,8/27/2009
Bonnie,7/23/2010
Earl,9/3/2010
Igor,9/20/2010
Nicole,9/29/2010
Paula,10/15/2010
Tomas,11/6/2010
Brett,7/17/2011
Emily,8/6/2011
Irene,8/27/2011
Unnamed,9/2/2011
Katia,9/8/2011
Maria,9/15/2011
Ophelia,10/2/2011
Sean,11/11/2011
Alberto,5/20/2012
Beryl,5/28/2012
Debby,6/27/2012
Isaac,8/27/2012
Leslie,9/10/2012
Rafael,10/16/2012
Sandy,10/28/2012
Andrea,6/8/2013
Dorian,8/2/2013
Arthur,7/4/2014
Cristobal,8/27/2014
Anna,5/10/2015
Claudette,7/12/2015
Joaquin,10/3/2015
Kate,11/10/2015
Bonnie,5/29/2016
Colin,6/7/2016
Eight 2016,8/31/2016
Hermine,9/3/2016
Julia,9/14/2016
Matthew,10/7/2016
Emily,8/1/2017
Gert,8/15/2017
Unnamed 2017,8/29/2017
Irma,9/10/2017
Jose,9/17/2017
Maria,9/27/2017
Beryl,7/13/2018
Chris,7/8/2018
Gordon,9/3/2018
Florence,9/14/2018
Michael,10/12/2018
Erin,8/28/2019
Dorian,9/6/2019
Humberto,9/16/2019
Melissa,10/11/2019
Nestor,10/21/2019
Bertha,5/27/2020
Fay,7/10/2020
Isaias,8/3/2020
Omar,8/30/2020
Sally,9/12/2020
Eta,11/8/2020
Danny,6/28/2021
Elsa,7/6/2021
Fred,8/14/2021
Henri,8/22/2021
Ida,8/28/2021
Mindy,9/9/2021
Alex,6/4/2022
Colin,7/2/2022
Ian,9/28/2022
Nicole,11/10/2022